{"cameraMode":{"drawMode":0,"name":"Shaded","section":"Shading Mode"},"sceneLighting":false,"audioPlay":false,"sceneViewState":{"showFog":true,"showMaterialUpdate":false,"showSkybox":false,"showFlares":true,"showImageEffects":true,"showParticleSystems":true,"showVisualEffectGraphs":true,"m_FxEnabled":false},"in2DMode":false,"pivot":{"x":-2.373502254486084,"y":0.27304592728614809,"z":0.13143184781074525},"rotation":{"x":0.06358783692121506,"y":0.4664136469364166,"z":-0.03363988175988197,"w":0.881637454032898},"size":0.6801630258560181,"orthographic":false}