{"cameraMode":{"drawMode":0,"name":"Shaded","section":"Shading Mode"},"sceneLighting":false,"audioPlay":false,"sceneViewState":{"showFog":true,"showMaterialUpdate":false,"showSkybox":false,"showFlares":true,"showImageEffects":true,"showParticleSystems":true,"showVisualEffectGraphs":true,"m_FxEnabled":false},"in2DMode":false,"pivot":{"x":-0.031219780445098878,"y":-0.4888470470905304,"z":1.653964638710022},"rotation":{"x":0.17822493612766267,"y":-0.35075557231903078,"z":0.06818484514951706,"w":0.9168198704719544},"size":1.7958424091339112,"orthographic":false}